<?xml version="1.0"?>
<project>

  <pomVersion>3</pomVersion>
  <name>xmlrpc</name>
  <id>xmlrpc</id>
  <currentVersion>1.2-b1</currentVersion>
  <organization>
    <name>Apache Software Foundation</name>
    <url>http://ws.apache.org/</url>
    <logo>/images/group-logo.gif</logo>
  </organization>
  <inceptionYear>2001</inceptionYear>
  <package>org.apache.xmlrpc</package>
  <logo>/images/xmlrpc-logo.gif</logo>

  <shortDescription>Project Management Tools</shortDescription>

  <!-- Gump integration -->
  <gumpRepositoryId>jakarta</gumpRepositoryId>

  <description>
    Apache XML-RPC is a Java implementation of <a href="http://www.xmlrpc.com">
    XML-RPC</a>, a popular protocol that uses XML over HTTP to implement remote
    procedure calls.
    <br/>
    Apache XML-RPC was previously known as Helma XML-RPC. If you have code using
    the Helma library, all you should have to do is change the import statements
    in your code from helma.xmlrpc.* to org.apache.xmlrpc.*.
  </description>

  <url>http://ws.apache.org/xmlrpc/</url>
  <issueTrackingUrl>http://nagoya.apache.org/bugzilla/query.cgi?product=XML-RPC</issueTrackingUrl>
  <siteAddress>ws.apache.org</siteAddress>
  <siteDirectory>/www/ws.apache.org/xmlrpc/</siteDirectory>
  <distributionDirectory>/www/ws.apache.org/dist/xmlrpc/</distributionDirectory>

  <repository>
    <connection>scm:cvs:pserver:anoncvs@cvs.apache.org:/home/cvspublic:xml-rpc</connection>
    <url>http://cvs.apache.org/viewcvs/xml-rpc/</url>
  </repository>

  <versions>
    <version>
      <id>1.0</id>
      <name>1.0</name>
      <tag>XMLRPC_1_0</tag>
    </version>
    <version>
      <id>1.1</id>
      <name>1.1</name>
      <tag>XMLRPC_1_1</tag>
    </version>
  </versions>

  <branches>
  </branches>

  <mailingLists>
    <mailingList>
      <name>XML-RPC User List</name>
      <subscribe>xmlrpc-user-subscribe@ws.apache.org</subscribe>
      <unsubscribe>xmlrpc-user-unsubscribe@ws.apache.org</unsubscribe>
      <archive>http://archives.apache.org/eyebrowse/SummarizeList?listName=xmlrpc-user@ws.apache.org</archive>
    </mailingList>
    <mailingList>
      <name>XML-RPC Developer List</name>
      <subscribe>xmlrpc-dev-subscribe@ws.apache.org</subscribe>
      <unsubscribe>xmlrpc-dev-unsubscribe@ws.apache.org</unsubscribe>
      <archive>http://archives.apache.org/eyebrowse/SummarizeList?listName=xmlrpc-dev@ws.apache.org</archive>
    </mailingList>
  </mailingLists>  

  <developers>
    <developer>
      <name>Hannes Wallnoefer</name>
      <id>hannes</id>
      <email>hannes@apache.org</email>
      <organization></organization>
    </developer>
    <developer>
      <name>Martin Poeschl</name>
      <id>mpoeschl</id>
      <email>mpoeschl@marmot.at</email>
      <organization>Tucana.at</organization>
    </developer>
    <developer>
      <name>Daniel Rall</name>
      <id>dlr</id>
      <email>dlr@finemaltcoding.com</email>
      <organization>CollabNet, Inc.</organization>
    </developer>
    <developer>
      <name>Jon Scott Stevens</name>
      <id>jon</id>
      <email>jon@latchkey.com</email>
      <organization>CollabNet, Inc.</organization>
    </developer>
    <developer>
      <name>Jason van Zyl</name>
      <id>jvanzyl</id>
      <email>jason@zenplex.com</email>
      <organization>Zenplex</organization>
    </developer>
    <developer>
      <name>Leonard Richarson</name>
      <id>leonardr</id>
      <email>leonardr@collab.net</email>
      <organization>CollabNet, Inc.</organization>
    </developer>
    <developer>
      <name>John Wilson</name>
      <id>jwilson</id>
      <email>tug@wilson.co.uk</email>
      <organization>The Wilson Partnership</organization>
    </developer>
  </developers>

  <dependencies>
    <dependency>
      <id>servletapi</id>
      <version>2.2</version>
      <url></url>
    </dependency>
    <dependency>
      <id>jsse</id>
      <version>1.0.2</version>
      <jar>jsse.jar</jar>
      <url>http://java.sun.com/products/jsse/</url>
    </dependency>
    <dependency>
      <id>jsse:jnet</id>
      <version>1.0.2</version>
      <jar>jnet.jar</jar>
      <url>http://java.sun.com/products/jsse/</url>
    </dependency>
    <dependency>
      <id>jsse:jcert</id>
      <version>1.0.2</version>
      <jar>jcert.jar</jar>
      <url>http://java.sun.com/products/jsse/</url>
    </dependency>
    <dependency>
      <id>fesi</id>
      <version>1.1.5</version>
      <url>http://home.worldcom.ch/jmlugrin/fesi/</url>
    </dependency>
    <dependency>
      <id>junit</id>
      <version>3.7</version>
    </dependency>
  </dependencies>

  <build>

    <sourceDirectory>src/java</sourceDirectory>
    <aspectSourceDirectory/>
    <unitTestSourceDirectory>src/test</unitTestSourceDirectory>
    <integrationUnitTestSourceDirectory/>

    <!-- Unit test classes -->
    <unitTest>
      <includes>
        <!-- TODO: There are more tests available -->
        <include>**/*Test.java</include>
      </includes>
    </unitTest>

    <!-- Integration unit test classes -->
    <integrationUnitTest/>

    <!-- J A R  R E S O U R C E S -->
    <!-- Resources that are packaged up inside the JAR file -->

    <resources/>

    <jars>
    </jars>
  </build>
</project>

